<?xml version="1.0" encoding="UTF-8" standalone="yes"?>
<addon id="script.pulsar.iptorrents-furious" name="Furious iptorrents Pulsar Provider" version="0.3.0" provider-name="FuriousMimi">
    <requires>
        <import addon="xbmc.python" version="2.12.0"/>
        <import addon="plugin.video.pulsar" version="0.6.0"/>
        <import addon="script.module.bencoder" version="1.0.0"/>
    </requires>
    <extension point="xbmc.python.script" library="main.py">
        <provides>executable</provides>
    </extension>
    <extension point="xbmc.addon.metadata">
        <summary lang="en">Furious iptorrents Pulsar Provider</summary>
        <language></language>
        <platform>all</platform>
    </extension>
</addon>
