<?xml version="1.0" encoding="UTF-8" standalone="yes"?>
<addon id="plugin.video.furiouspulsar" name="[COLOR hotpink]Furious[/COLOR] Pulsar" version="0.1.0" provider-name="FuriousMimi">
	<requires>
		<import addon="xbmc.python" version="2.7.0"/>
	</requires>
	<extension point="xbmc.python.pluginsource" library="navigation.py">
		<provides>video</provides>
	</extension>
	<extension point="xbmc.python.module" library="resources/site-packages" />
	<extension point="xbmc.addon.metadata">
		<summary>A Pulsar copy</summary>
		<description>Based on Steeve's Pulsar</description>
	</extension>
</addon>
