<?xml version="1.0" encoding="UTF-8" standalone="yes"?>
<addon id="script.pulsar.t411-furious" name="Furious [COLOR hotpink]t411[/COLOR] Pulsar Provider" version="2.0.1" provider-name="FuriousMimi">
    <requires>
        <import addon="xbmc.python" version="2.6.0"/>
        <import addon="plugin.video.pulsar" version="0.6.0"/>
        <import addon="script.module.furious-utils" version="2.1.0"/>
    </requires>
    <extension point="xbmc.python.script" library="main.py">
        <provides>executable</provides>
    </extension>
    <extension point="xbmc.addon.metadata">
        <summary lang="en">Furious t411 Pulsar Provider</summary>
        <disclaimer></disclaimer>
        <language></language>
        <platform>all</platform>
    </extension>
</addon>
