<?xml version="1.0" encoding="UTF-8" standalone="yes"?>
<addon id="script.module.furious-utils" name="[COLOR hotpink]Furious[/COLOR] utils" version="2.0.0" provider-name="FuriousMimi">
	<requires>
		<import addon="xbmc.python" version="2.1.0"/>
        <import addon="script.module.bencoder" version="1.0.0"/>
	</requires>
	<extension point="xbmc.python.module"
						 library="lib" />
	<extension point="xbmc.addon.metadata">
		<platform>all</platform>
		<language></language>
		<summary lang="en">Enabling standard Furious providers functions.</summary>
		<description lang="en"></description>
		<disclaimer lang="en"></disclaimer>
		<license></license>
		<website></website>
	</extension>
</addon>
