<?xml version="1.0" encoding="UTF-8" standalone="yes"?>
<addon id="repository.pulsarfm" name="Pulsar [COLOR red]FM [/COLOR]Repo" version="0.1.0" provider-name="FuriousMimi">
	<extension point="xbmc.addon.repository" name="Pulsar FM Repository">
       <info>http://raw.githubusercontent.com/abuisine/pulsarfm/master/addons/addons.xml</info>
       <checksum>http://raw.githubusercontent.com/abuisine/pulsarfm/master/addons/addons.xml.md5</checksum>
       <datadir zip="true">http://raw.githubusercontent.com/abuisine/pulsarfm/master/addons/</datadir>	
	</extension>
	<extension point="xbmc.addon.metadata">
		<summary lang="en">Install Pulsar Providers</summary>
		<description lang="en">Download and install Pulsar Providers</description>
		<disclaimer lang="en">The owners and submitters to this repository do not host or distribute any of the content displayed by these addons nor do they have any affiliation with the content providers.</disclaimer>
		<language></language>
		<platform>all</platform>
		<license>GNU GENERAL PUBLIC LICENSE. Version 3, June 2007</license>
		<forum></forum>
		<website></website>
		<email></email>
		<source></source>
	</extension>
</addon>